business_name,category,city,address,phone,source
"Moon, Medina and Rodriguez",Restaurant,Varanasi,"2882 Rivera Hill
Emilyfurt, ND 21754",+1-685-600-6261x4551,Google Maps
"Lewis, Bryant and Vazquez",Salon,Lucknow,"801 Dixon Roads
Michelleview, KS 39155",+1-777-532-5851,Justdial
Rodriguez-Maddox,Gym,Lucknow,"1270 Michelle Canyon
Youngchester, AS 42730",7807114564,Sulekha
Snow Ltd,Salon,Delhi,"503 Hart Stream
West Christopherville, HI 28602",368.769.0249,Google Maps
Sanders-Snyder,Gym,Varanasi,"3611 Jennifer Rapid
Salinashaven, CO 05117",(463)360-0179x1426,Sulekha
Anderson Inc,Salon,Mumbai,"79457 Joshua Union Apt. 539
West Kayla, RI 96901",792.980.4816x408,Sulekha
Hill-Hanson,Salon,Pune,"72704 Tucker Cliffs
North Ambermouth, OK 23088",397-804-0839x8163,Google Maps
"Bauer, Butler and Dunn",Gym,Varanasi,"5088 Catherine Motorway Apt. 509
South Andrea, AR 13638",001-220-435-8074,Sulekha
Miller Inc,Coaching Center,Lucknow,"23978 Meadows Via
Lake Daleborough, RI 89521",(774)987-4316x2968,Google Maps
Herrera Ltd,Hospital,Mumbai,"9778 Robin Bridge Suite 500
Strongfurt, DE 64761",+1-595-812-8088,Google Maps
Thompson-Johnson,School,Noida,"4545 Bryant Mews
West Luisville, NH 22145",3069645808,Sulekha
"Pearson, Williamson and Moore",Coaching Center,Lucknow,"9563 Tiffany Plains
Kristinside, NM 48197",(887)985-1425x70931,Sulekha
"Phillips, Warren and Rodgers",School,Mumbai,"30567 Lisa Lane Suite 460
Hintonborough, IL 20887",348.380.4808,Justdial
Thompson and Sons,Gym,Noida,"14695 Ford Springs Apt. 022
West Stephanieport, IA 20691",392.216.0609x64556,Sulekha
Koch-Merritt,School,Varanasi,"0783 Adam Forge Apt. 754
New Jorge, AL 25157",+1-280-845-4467x17174,Justdial
"Collins, Dickerson and Evans",Hospital,Noida,"884 Sanchez Path
Wiseton, RI 16239",001-512-643-9664x459,Google Maps
"Solis, Smith and Martin",Gym,Delhi,"873 Heather Meadow
New Christopher, CA 31176",(924)829-1659,Sulekha
Mueller-Russo,Restaurant,Noida,"214 Avila Squares
Lake Cynthia, IL 11263",837.626.3509x05815,Justdial
Baker and Sons,School,Varanasi,"69072 Robles Rapid
Port Carlos, PR 47751",001-572-280-5543,Sulekha
Brown Group,Gym,Delhi,"66855 Holloway Manor Suite 562
West Dennisburgh, MH 24698",385.383.5587,Google Maps
"Howe, Jackson and Gray",Salon,Noida,"0786 Philip Spring Apt. 763
South Hector, NY 17715",+1-679-262-5814,Google Maps
"Powers, Landry and Martinez",Salon,Pune,"569 Heather Overpass
Hillburgh, ND 60644",219-263-2978x23291,Sulekha
Long and Sons,Restaurant,Mumbai,"73089 Fischer Burg
West Sandra, VT 52374",(612)974-5417x0502,Sulekha
"Morris, Conner and Alexander",School,Delhi,"01551 Daniel Common Suite 848
New Jason, PA 41797",+1-286-859-3276,Sulekha
Craig-Gutierrez,School,Lucknow,"4465 Edward Plaza Suite 949
East Joshuaville, AZ 78519",993-474-0964,Google Maps
"Morris, Swanson and Lloyd",Gym,Mumbai,"56548 Smith Spurs
Port Haileyhaven, NE 28585",001-900-222-7741x698,Justdial
Hernandez-Edwards,Restaurant,Delhi,"2237 Hernandez Expressway Suite 256
Harpermouth, AZ 53829",286-266-4732x4019,Google Maps
"Schroeder, Jackson and Mcdowell",Hospital,Mumbai,"USS Rice
FPO AA 36955",+1-867-829-3156x21634,Justdial
"Brown, Price and Miller",School,Lucknow,"879 Davis Plaza
Wongmouth, UT 73641",655.469.3727x67458,Sulekha
Duncan-Dunlap,Gym,Delhi,"354 Hayes Brooks
Lake Ginaberg, MS 29277",8494769049,Google Maps
Morales-Davidson,Restaurant,Noida,"798 Jeanne Ford
Nathanbury, NH 99864",2379542873,Justdial
"Ho, Johnson and Haley",Gym,Varanasi,"523 Finley Greens Apt. 352
Ritaville, OR 35909",612-213-4830x984,Google Maps
"Allison, Richardson and Rojas",Hospital,Noida,"9520 Pace Shores
Morgantown, MH 29053",001-644-501-0458x2832,Justdial
Edwards and Sons,Coaching Center,Delhi,"39645 Nelson Summit
Port Leslie, WV 66447",(444)811-9524x9467,Sulekha
Gaines Group,Restaurant,Pune,"639 Edward Islands Apt. 769
Lake Karina, AS 43449",+1-931-454-9546,Sulekha
Fischer-Liu,Salon,Pune,"4778 Mark Road Apt. 380
West Andrealand, AL 46320",778.388.7529x21384,Google Maps
"Wood, Jones and Ramos",School,Noida,"2978 Murphy Shore Apt. 937
Julietown, OH 22906",757-507-8317x5673,Justdial
"Gray, Moore and Thomas",Hospital,Pune,"78026 Perez Branch Apt. 334
East Nicholas, VT 72547",238.993.8254,Sulekha
Rodriguez-Miller,Gym,Varanasi,"986 Lewis Lock Suite 661
West Timothy, MH 62736",+1-822-976-0352x22483,Google Maps
"Colon, Johnson and House",Gym,Lucknow,"13113 Walton Orchard Apt. 544
East Adammouth, IA 92508",(814)641-8978,Justdial
Marshall-Medina,Gym,Pune,"6470 Joel Parkway Suite 720
South Markburgh, PW 63423",(334)228-2887,Google Maps
Scott-Willis,Salon,Lucknow,"056 Kyle Coves
Gonzalezchester, MI 77327",370.831.4972x4528,Google Maps
Gomez Ltd,Coaching Center,Delhi,"895 Jennifer Plaza Apt. 317
Benjaminhaven, IL 74436",+1-354-215-2534x6293,Justdial
"Oconnell, Kelley and Cross",Salon,Delhi,"803 Jasmine Green Apt. 986
New Michealton, KS 81181",775.269.6665x819,Justdial
"Knox, Bell and Perez",School,Lucknow,"6406 Brewer Rue Apt. 267
Jonathanchester, PW 28081",(905)250-3839,Google Maps
Butler Ltd,Coaching Center,Varanasi,"243 Johnson Lock
West Michellehaven, SD 26965",001-649-402-9490x506,Google Maps
Ibarra Inc,Hospital,Varanasi,"3013 Lisa Ridges Suite 497
Port Mary, IL 73672",408-874-3902x6188,Justdial
Flores and Sons,Salon,Noida,"5340 Weber Circles
East Carolyn, GA 95470",807-806-8797x70885,Google Maps
Lawson LLC,Restaurant,Delhi,"41282 Michael Bypass
Dicksonbury, IN 59816",333.679.5130x8903,Google Maps
Long Ltd,Gym,Mumbai,"202 Carolyn Creek Apt. 446
Lake Joseph, NM 64174",(323)832-2163,Justdial
Johnson-Turner,Salon,Delhi,"2325 Dickerson Trail Apt. 769
West Philipshire, NE 44141",519-581-0688x40720,Sulekha
Williams PLC,Restaurant,Varanasi,"654 Tina Isle
Lamtown, GU 39182",+1-446-625-4484x256,Justdial
"Rivera, Obrien and Carr",Salon,Mumbai,"154 Giles Isle Suite 486
Port Elizabeth, MN 37441",7238313432,Google Maps
"Abbott, Petersen and Glass",Gym,Varanasi,"639 Rivera Parks
West Marie, NC 48770",(601)353-0897x89127,Sulekha
"Brown, Smith and Adams",Gym,Mumbai,"3890 Oscar Greens
Rickystad, GU 87365",7686600161,Justdial
"Henry, Collins and Lopez",Hospital,Pune,"852 Mejia Spurs Suite 128
North Loriberg, MN 61291",+1-293-203-1589x34667,Justdial
"Mckenzie, Glass and Miller",Restaurant,Varanasi,"76874 Michelle Center Suite 669
Port Kennethfurt, NJ 09203",(750)785-5808x358,Sulekha
"Powers, Snow and Roberts",Restaurant,Delhi,"USNV Reeves
FPO AP 38203",001-668-693-3142x2235,Google Maps
Shaw LLC,Gym,Pune,"60708 Jesus Mews Suite 741
Wileyshire, ID 79591",971-586-4553x12399,Justdial
Mitchell-Rios,Salon,Noida,"44356 Duncan Burg Apt. 968
South Emilyview, IN 65309",(448)726-3097x77273,Sulekha
Marshall and Sons,Hospital,Noida,"1525 Garcia Ferry
Adambury, ID 36877",991.787.7924x71596,Sulekha
Villarreal-Evans,Salon,Mumbai,"1660 Laura Keys Apt. 793
Julieberg, PR 92324",487.671.0157,Google Maps
Tyler-Martinez,Hospital,Lucknow,"020 Ibarra Dam Apt. 467
West Franklinbury, WY 42406",(552)422-6778x299,Justdial
"Bradshaw, Carter and Chan",Gym,Noida,"21872 Austin Station
Alvinville, RI 38286",+1-524-296-1029,Justdial
Murphy-Russell,Coaching Center,Mumbai,"150 Wilson Highway
Maloneview, FM 21076",332.929.5672x17997,Justdial
"Sharp, Zuniga and Hartman",Coaching Center,Delhi,"129 Christina Loop Apt. 930
Campbellmouth, AL 45941",(904)976-7911x65885,Justdial
Baker Group,Restaurant,Delhi,"0500 Curry Extensions Apt. 631
North Jennifer, FM 43469",001-714-208-1080x240,Google Maps
Moses Inc,Salon,Pune,"226 Megan Hill
New Cynthia, NY 71246",918-332-5971x6995,Justdial
Moore LLC,School,Varanasi,"PSC 9291, Box 7351
APO AP 10710",(447)459-9963x10652,Justdial
"Maldonado, Phelps and Fields",Restaurant,Pune,"14868 Matthew Plain
Carrieberg, TN 19743",857-741-3627x688,Justdial
Allen Ltd,Gym,Mumbai,"0556 Tapia Throughway Apt. 941
South Robert, ID 26160",+1-919-856-4478x8822,Justdial
"Odom, Smith and Thompson",Gym,Mumbai,"6350 Randy Parkway
Youngshire, WY 79931",+1-759-283-8483x863,Sulekha
Martinez LLC,Salon,Lucknow,"323 Joshua Manor Suite 255
New Traceyport, OR 70834",423.405.4933x9215,Google Maps
"Ellis, Jones and Bryan",Salon,Noida,"2625 Joseph Roads Apt. 548
Natashashire, FL 38226",2267543299,Google Maps
Miller Group,Restaurant,Pune,"2092 Roger Squares
Lake Andrewborough, OH 48612",552-266-5329x661,Sulekha
"Woodard, Green and Snyder",Salon,Mumbai,"PSC 4930, Box 3031
APO AP 77448",726.962.5664,Justdial
Williams PLC,Restaurant,Varanasi,"427 Villanueva Burgs
Valerieton, DE 58037",(354)938-1023x312,Sulekha
"Moreno, Williams and Garcia",Restaurant,Lucknow,"2469 Linda Views
North Jessicabury, GU 42259",001-935-441-8676x01095,Sulekha
Robertson Group,Gym,Delhi,"206 Garcia Greens
Kristenside, DC 48050",(353)536-2564x450,Google Maps
Adams-Marks,Salon,Lucknow,"431 Angela Hills
West Sean, AK 06551",973-557-2980x615,Justdial
Graham-Hale,Coaching Center,Noida,"8388 Joel Mission Suite 690
North Kathleen, NY 89070",+1-345-748-1629x433,Google Maps
Burns and Sons,Salon,Lucknow,"0884 Patricia Summit
New Benjamin, SD 45408",252-687-0879x29699,Sulekha
Thompson and Sons,Hospital,Lucknow,"011 Matthew View
South Cassandra, WV 49680",+1-835-845-7454x70711,Justdial
Thompson LLC,Coaching Center,Noida,"PSC 4559, Box 1587
APO AP 00651",2536893337,Sulekha
"Aguirre, Gray and Scott",School,Pune,"3793 Michael Rest Suite 851
Heathermouth, HI 81478",641.721.0584x608,Google Maps
Johnson-Bridges,Gym,Delhi,"96975 Corey Locks
North Kellyberg, NV 60477",509-448-8614x7896,Sulekha
"Hopkins, Atkins and Herrera",Salon,Mumbai,"2094 Martinez Manor Suite 756
Johnstonmouth, MO 17237",(721)695-6965x7939,Google Maps
Miller-Collins,School,Delhi,"3097 Perez Hill Suite 907
Rhondaville, VA 21611",(308)784-7589x69938,Sulekha
Erickson PLC,Salon,Pune,"45602 Emily Falls Suite 953
South Jonathan, GA 82782",+1-441-302-4271x54493,Google Maps
Shannon Group,Hospital,Noida,"838 Thomas Stravenue Suite 351
New Haydenside, PW 76154",+1-281-917-9581x55176,Google Maps
Tucker-Williams,Hospital,Delhi,"34067 Edgar Street Apt. 958
West Craigshire, IN 27212",8934621408,Google Maps
Shepard PLC,Hospital,Delhi,"22730 Norton Via
North Jenniferfort, MI 64489",551-667-5010x47762,Justdial
Frank-House,Salon,Noida,"5922 Thompson Motorway Suite 990
Markborough, PW 19221",+1-377-935-9943,Justdial
"Taylor, Flores and Smith",Salon,Varanasi,"0666 Martinez Point
Michaelbury, NE 44780",001-728-378-7338x7908,Google Maps
"Horne, Burgess and Campbell",Gym,Delhi,"332 Adrienne Mountain Suite 722
Thomasberg, CT 84299",001-688-529-0763,Justdial
"Miles, Sullivan and Meza",Gym,Lucknow,"764 Manning Hill
Shermanville, CA 28903",866-971-0274x134,Google Maps
Gonzalez Ltd,Coaching Center,Mumbai,"USNS Sexton
FPO AE 47425",(991)849-9494x4483,Google Maps
Kemp-Smith,Gym,Mumbai,"544 Manuel Union
Gloriatown, LA 96599",270-875-4704x51042,Sulekha
Young-Hall,Restaurant,Lucknow,"26502 Sandoval Park
East Krista, NY 12976",(661)578-6849x58413,Justdial
"Weaver, Phillips and Hill",Restaurant,Lucknow,"716 Shelia Course Suite 974
Johnsonshire, MT 93481",703-585-1171x218,Google Maps
West-Myers,Salon,Varanasi,"9023 Wilson Flat Suite 575
Carrieville, IN 64467",001-999-598-1932x560,Google Maps
Garcia LLC,Salon,Varanasi,"93414 Jeremy Landing Suite 555
Curtisborough, NJ 47265",519-561-2151,Sulekha
Gates Inc,Restaurant,Delhi,"59527 Rodney Courts Suite 047
Edwardchester, MD 79863",(295)254-6470x940,Sulekha
"Collins, Davis and Prince",School,Delhi,"763 Martinez Mountains
Lake Jayview, AR 00557",(858)971-3965,Google Maps
"Thompson, Perez and Powell",Hospital,Lucknow,"10963 Joshua Highway Apt. 863
West Matthew, TX 15143",+1-742-947-4673,Justdial
Chambers-Dougherty,Salon,Varanasi,"36350 Michael Tunnel
Lake Cynthia, ND 04531",(723)968-7738,Justdial
Chan and Sons,Restaurant,Mumbai,"341 Anderson Rapid
Lake Allisonmouth, SC 44089",580.334.6147,Google Maps
"Navarro, Graham and Hernandez",Gym,Mumbai,"568 Ochoa Landing Apt. 963
Mooreton, RI 37679",684.445.6810,Justdial
"Rivera, Adams and Hughes",Salon,Pune,"303 Thomas Junctions
North Jessicafort, WV 35948",484.807.2491x380,Justdial
Jones LLC,Hospital,Lucknow,"19417 Wood Island
Woodsfurt, NC 81399",001-875-647-5123x7764,Google Maps
Crane-Brown,Hospital,Delhi,"73402 Patel Drives Apt. 570
Lisaland, NV 73474",001-753-923-4461x459,Google Maps
Lynch-Austin,Hospital,Lucknow,"89638 Gallegos Stream Apt. 398
New David, ID 78593",001-929-785-2362,Google Maps
Schneider Ltd,Hospital,Varanasi,"1427 Zachary Road
West Richard, TN 17702",(271)466-1528x178,Sulekha
"Hood, Ward and Wood",Gym,Noida,"1929 Brandon Keys Suite 716
South Ashley, KY 05028",412.222.1402x062,Justdial
Ponce-Jones,Salon,Varanasi,"13658 Katherine Ridge
Gonzalezstad, RI 59093",(601)357-0674x1006,Justdial
Ellison Ltd,School,Pune,"74110 Martinez Springs
Lake Ricardoview, CO 26925",386-395-8053x069,Sulekha
"Jimenez, Ochoa and Martin",Coaching Center,Noida,"695 Jill Wells
East Ana, VT 50966",001-995-683-5893x715,Sulekha
Myers-Avery,Gym,Noida,"402 Shannon Road
Jacksonchester, NM 40866",9295799856,Justdial
Gray-Fletcher,Gym,Noida,"44511 Maynard Club Apt. 661
Cisnerosburgh, AK 66065",267-536-6815,Sulekha
Smith and Sons,Salon,Noida,"2342 Roman River
Lake Nicholas, ND 70081",605-543-1145,Sulekha
Willis Inc,Restaurant,Mumbai,"7134 Jennifer Common
South Sandratown, WY 95115",4702706336,Justdial
Torres Inc,Restaurant,Noida,"PSC 6666, Box 3745
APO AE 13984",555.488.1782,Google Maps
Hayes PLC,Coaching Center,Noida,"Unit 6032 Box 5980
DPO AA 00928",722.275.4112x9250,Google Maps
Johnson Ltd,Salon,Mumbai,"80079 Gates Alley Suite 650
Lake Nathan, AK 84861",+1-921-666-1044x035,Sulekha
Fernandez PLC,School,Noida,"82895 Bonilla Key
Amybury, MN 61957",001-587-207-0267x550,Justdial
Proctor Group,School,Pune,"75100 Danielle Inlet Suite 034
Brendaburgh, MH 79308",(858)257-0744,Justdial
Moore Group,Gym,Pune,"PSC 1160, Box 7665
APO AE 47636",539-794-1415x20834,Google Maps
Brock-Stephenson,Salon,Noida,"6998 Justin Rue Apt. 590
Lake Aaronberg, WY 09759",(565)850-2465x131,Sulekha
Campbell-Johnson,School,Pune,"7710 Cunningham Plain
West Cheyennemouth, ND 72116",714.206.8992x453,Sulekha
Nichols-Garcia,School,Varanasi,"94593 Harris Locks
Lake Rebekahton, CA 66798",(509)532-5127,Sulekha
Mullen PLC,Coaching Center,Varanasi,"28667 Austin Lodge Suite 564
Lake Kurtchester, SD 96887",+1-391-605-2081x2250,Google Maps
"Reynolds, Strong and Mcdaniel",Hospital,Varanasi,"409 Lindsay Turnpike Apt. 803
Kellyton, NH 88506",9675286242,Justdial
"Palmer, Whitney and Robbins",School,Mumbai,"1631 Gregory Roads Apt. 000
Alvaradofort, ND 58726",387-944-8498,Sulekha
Richardson PLC,Restaurant,Mumbai,"5210 Snyder Way Apt. 920
North Thomas, VT 11420",+1-266-614-8252x994,Justdial
"Benjamin, Davenport and Brooks",School,Lucknow,"USNV Berg
FPO AE 59623",(903)524-1165,Google Maps
Smith-Allen,Hospital,Varanasi,"5195 George Islands
Nguyenside, MH 16591",001-974-503-6986x223,Google Maps
Madden Ltd,Restaurant,Noida,"139 Anthony Run Apt. 828
New Michaelshire, AL 10450",(419)465-0987,Justdial
White and Sons,Restaurant,Pune,"PSC 5430, Box 1589
APO AE 73464",859-376-3700,Sulekha
Waters-Carter,Coaching Center,Pune,"8162 Andrew Mountains Apt. 477
East Dianafurt, SD 79218",001-325-664-9471x23577,Sulekha
"Garcia, Hernandez and May",Gym,Lucknow,"50404 Zachary Throughway
Cainport, NC 59315",(490)833-1102,Justdial
"Williams, Peck and Johnson",Hospital,Delhi,"54156 Mcdaniel Parks Suite 666
Hallberg, HI 36255",624-947-3321x858,Google Maps
"Gonzalez, Gentry and Blevins",Coaching Center,Mumbai,"7488 Amy Turnpike Suite 897
East Joan, TN 43245",9373920918,Sulekha
Rogers LLC,Hospital,Mumbai,"95064 Richardson Walk
Timothytown, TX 49332",202-359-6133x584,Google Maps
Phillips Inc,Restaurant,Varanasi,"Unit 1834 Box 3820
DPO AA 41240",+1-456-352-3768x63453,Google Maps
Mendoza-Campos,Gym,Delhi,"3274 Luis Square
Webbburgh, HI 02930",8625737391,Justdial
"Davis, Turner and Crawford",School,Lucknow,"867 Ross Springs
North Shannon, ND 43018",+1-575-324-4181,Sulekha
"Thomas, Fuller and Spencer",Gym,Delhi,"1802 Smith Road
Caitlinport, GU 82245",(679)996-8753x192,Google Maps
Diaz-Cook,Gym,Varanasi,"2522 Dominguez Lane
Robinsonfort, MD 76217",411-357-9850x01728,Justdial
"Sims, Thomas and Mcbride",Hospital,Noida,"64330 Davidson Village Suite 720
West Nancy, MD 36486",477.755.8137,Sulekha
Cross Group,Hospital,Delhi,"594 Micheal Parkways
Port Alexshire, VA 76912",857.205.1427,Google Maps
Baxter PLC,Gym,Lucknow,"955 Amy Oval
East Jeanfort, NM 09044",689-787-4152x153,Justdial
Carson Inc,School,Varanasi,"921 Susan Plaza Suite 482
Jenniferton, NE 28385",403-688-9022,Google Maps
Banks-Salinas,Coaching Center,Delhi,"7752 Campbell Landing Suite 664
East Kelly, NY 98630",729-880-6813,Google Maps
"Smith, Aguilar and Espinoza",Salon,Varanasi,"48774 Rodriguez Mount Apt. 603
North Alexis, AR 22043",400-350-6115x53623,Sulekha
Davis-Wright,School,Pune,"Unit 1001 Box 7436
DPO AE 85795",+1-684-275-5730,Google Maps
Scott LLC,Gym,Varanasi,"USNV Henson
FPO AA 93636",777-321-5244,Justdial
Peterson-Smith,School,Noida,"3362 Davenport Forges
Smithview, DE 20227",493.462.8903,Google Maps
"Gilmore, Mitchell and Wells",Coaching Center,Mumbai,"79632 Kristin Estate Suite 983
Jacquelinefort, CT 65126",(567)712-1199x853,Google Maps
"Rogers, Hamilton and Barber",School,Delhi,"5870 Stephanie Rapids
New Troymouth, WA 12177",(579)202-6253x8403,Google Maps
Johnson-Butler,School,Mumbai,"USS Farley
FPO AP 99400",650.382.7272x802,Sulekha
Cooper Inc,Gym,Noida,"076 Jaclyn Expressway Suite 975
North Pamela, MN 54614",001-395-402-3286x339,Sulekha
"Adams, Webster and Griffin",Gym,Varanasi,"858 Stephanie Valley
New Brandonmouth, MS 06126",001-211-217-7560,Sulekha
"Banks, Hess and Wells",Hospital,Noida,"50966 Oneal Spring
Jonesport, PA 99062",700-924-7421x5207,Google Maps
Johnson LLC,Hospital,Noida,"163 Lopez Isle Apt. 261
Frankberg, CA 23998",+1-801-474-3942x5775,Sulekha
"Fitzpatrick, Odom and Gray",Restaurant,Noida,"169 Taylor Parkways
South Jamiechester, MO 98453",(281)750-1864x265,Sulekha
"Hill, Rogers and Hurst",Salon,Varanasi,"PSC 2238, Box 1042
APO AA 82888",864-908-5279x969,Justdial
Martin Group,Restaurant,Noida,"4011 Evans Causeway Suite 755
Dawnville, GU 39001",731.301.5832x718,Sulekha
King and Sons,Restaurant,Pune,"9281 Katherine Junction
Andrewmouth, CA 35790",691-529-6631,Justdial
Garcia-Hebert,School,Mumbai,"67887 Jason Vista Suite 337
Williamschester, AZ 49776",001-692-900-4889,Justdial
"Miller, Ward and Mitchell",School,Lucknow,"139 Christina Grove Suite 485
Robertfurt, WV 37929",(727)285-9892x0297,Sulekha
Shepherd-French,Gym,Noida,"6966 Martin Station Apt. 782
West Melanieville, NH 59605",001-661-273-7565x4260,Sulekha
Byrd Group,Hospital,Lucknow,"93803 Ho Pine
Lisabury, FL 17885",+1-651-779-0523,Sulekha
Moss-Padilla,Hospital,Delhi,"45104 Robert Locks Apt. 791
Lake Jonathanport, OK 26116",001-844-959-6594x7704,Justdial
Johnston LLC,Salon,Lucknow,"998 Harold Freeway Apt. 388
Mortonchester, TX 01488",(955)445-5809,Google Maps
"Booker, Rivera and Perry",Restaurant,Varanasi,"0951 Kimberly Fields Apt. 832
Pierceborough, FM 14788",(338)369-2188x543,Google Maps
Carter-Mathis,School,Delhi,"712 Leroy Villages Suite 220
North Stevenburgh, LA 16557",631.260.4770x901,Justdial
Moreno-Lewis,Restaurant,Varanasi,"498 Andrea Cape Suite 723
Ericside, AR 40260",561-646-5326x09371,Justdial
Gross Group,Salon,Varanasi,"747 Marc Bypass Suite 284
Port David, OH 22994",(491)227-7358,Justdial
Smith-Johnson,Coaching Center,Noida,"USNS Adams
FPO AE 20562",001-413-762-4342,Sulekha
Chavez-Francis,Hospital,Delhi,"834 Michael River Suite 962
Amandaburgh, WY 96103",+1-942-407-4771x16397,Sulekha
"Jackson, Wilson and Fleming",Gym,Noida,"PSC 0709, Box 3709
APO AE 38116",001-533-571-1494x36220,Sulekha
Arellano-Thornton,Restaurant,Delhi,"6149 Patricia Flat
New Aaron, KS 75540",354-483-8338x57410,Justdial
Lopez-Simmons,School,Mumbai,"8518 Lisa Mall
Scottchester, MA 63690",226.614.7294x1725,Sulekha
"Parker, Young and Obrien",Coaching Center,Delhi,"99248 Suzanne Run Apt. 272
Coxmouth, KS 34499",(315)919-8185x52274,Google Maps
Briggs PLC,Coaching Center,Noida,"307 Joshua Via
Lake Michaelshire, LA 71313",001-686-368-9833x1526,Sulekha
Golden and Sons,School,Mumbai,"7626 Joseph Shores Suite 456
Singhstad, CA 27521",001-250-710-3766x972,Justdial
Miranda-Lane,Restaurant,Delhi,"Unit 0161 Box 8865
DPO AE 33578",001-726-604-1365x9533,Justdial
"Arellano, Johnson and Suarez",Hospital,Delhi,"9908 Garner Village Apt. 700
Davidbury, NJ 55513",763.575.4133x74742,Google Maps
Bailey Group,Gym,Varanasi,"959 Ryan Via
New Rebecca, VT 30843",342-231-4059,Sulekha
"Richardson, Johnson and Murray",School,Mumbai,"1181 Walker Rue Apt. 431
Orozcoborough, TX 88957",001-873-677-0177x2280,Sulekha
Williams Inc,Coaching Center,Pune,"1142 Weiss Way
Lake Diana, HI 43837",001-334-745-7965x6195,Google Maps
Martinez-Richards,School,Noida,"18760 Thomas Plains Apt. 161
Jenniferbury, AS 48274",001-657-506-8240x69684,Justdial
Harrington-Burke,School,Varanasi,"2117 Hester Bridge Apt. 425
West Richard, DE 06725",200-260-4696x238,Justdial
Maynard-Washington,Hospital,Noida,"456 Kimberly Ferry Suite 885
West Emily, VI 78864",261.222.4590x197,Justdial
"Mercado, Wilkins and Meadows",Restaurant,Varanasi,"154 Lisa Mountain
Jamesshire, MD 89701",225-298-6222x24325,Sulekha
Brown-Norris,School,Delhi,"PSC 8564, Box 5559
APO AA 50316",845-912-3627x9451,Google Maps
Gibson-Sanchez,Restaurant,Pune,"88513 Barbara Estates
Harrisview, ND 22217",2744749472,Google Maps
"Smith, Hernandez and Smith",Gym,Lucknow,"5221 Patricia Stravenue
Port Jackson, NY 01557",417.760.8116x687,Justdial
"Norton, Bryant and Mcdaniel",Hospital,Varanasi,"56553 Ramsey Pass
East Jessicaview, OH 22943",297-741-3893x058,Google Maps
"Scott, Carrillo and Barrett",Hospital,Pune,"66460 Jones Skyway
Nunezshire, NV 40814",514-311-0555,Justdial
Ortiz-George,School,Pune,"36000 French Ridge Suite 169
Port Lacey, MS 60347",001-860-670-5320,Sulekha
"Gutierrez, Davis and Rose",Gym,Noida,"74011 Angela Isle
Franklinland, OH 24670",001-962-438-4002,Sulekha
Watkins Inc,Coaching Center,Noida,"0535 Kimberly Cliffs
New Charles, NV 30745",001-344-548-6116x203,Sulekha
Peterson and Sons,Coaching Center,Varanasi,"3208 Summers Isle Suite 965
Jacksonhaven, ID 56878",+1-754-681-2933,Google Maps
Mosley PLC,Restaurant,Delhi,"8504 Johnson Trafficway
Zavalashire, NY 43636",001-429-494-0723x8954,Justdial
"Campos, Garrett and Rice",Gym,Pune,"19179 Santos Loaf
West Billymouth, SC 12546",414-776-1317x6208,Justdial
Marquez-Bowman,Restaurant,Varanasi,"437 Smith Villages Suite 080
Greenfurt, GA 93243",+1-422-542-8474x26164,Sulekha
Hayes-Chase,School,Noida,"USS Williams
FPO AE 78678",8623793597,Google Maps
Boyd Inc,School,Noida,"5220 Williams Run Apt. 210
West Charles, TX 01494",937-430-1272x34281,Google Maps
Terry-Hill,Restaurant,Mumbai,"USS Hunt
FPO AP 66001",001-344-747-4045,Google Maps
Patel LLC,School,Varanasi,"761 Miller River
New Susanbury, MS 13255",+1-960-743-6930x7740,Justdial
Palmer and Sons,School,Pune,"85021 Stephanie Motorway
East Laurenville, OH 19533",365.463.7464x30650,Sulekha
"Barton, Duffy and Johnson",Restaurant,Mumbai,"666 Theresa Ways Suite 586
Morrisbury, OH 39927",+1-794-931-0420x9954,Google Maps
Hansen-Jones,Coaching Center,Varanasi,"53308 Laura Burg
Jennifertown, PR 27697",001-740-411-9803x43606,Justdial
Myers-Mclean,Restaurant,Varanasi,"5882 Kristin Curve Apt. 750
North Paulchester, AR 01356",840.214.3678,Sulekha
Larson-Walker,School,Mumbai,"835 Barry Mews
Cainchester, AR 97775",001-673-918-1293x345,Justdial
"Ward, Wilson and Brock",Salon,Lucknow,"984 Hodge Islands Suite 728
South Edwardmouth, VA 87709",399-579-4459x658,Google Maps
Dominguez Ltd,School,Lucknow,"365 John Lodge Suite 798
Port Vincent, MP 63591",969-586-0282x601,Justdial
Jones and Sons,Gym,Lucknow,"44676 Anderson Walk Suite 681
West Christine, VI 10682",001-864-609-3018x5261,Google Maps
Martin Ltd,Restaurant,Lucknow,"379 Wayne Glens Apt. 279
Markbury, HI 33428",+1-319-519-8658,Sulekha
"Johnson, Chavez and Payne",Hospital,Lucknow,"04374 Adam Brooks Suite 551
Lake Beverlyside, WI 59599",+1-457-646-6449x252,Sulekha
"Schultz, Johnson and House",Salon,Mumbai,"4749 Rodriguez Gateway Apt. 721
South Jay, HI 69020",525.352.2543x37775,Justdial
Evans and Sons,Salon,Varanasi,"82061 Park Views
North Seanshire, MP 10379",001-686-568-1329x6121,Google Maps
Martinez Group,Restaurant,Pune,"29511 Reed Walks Suite 300
North Victoria, NC 73992",001-525-459-2138x6426,Sulekha
Jennings Ltd,School,Noida,"1632 Ashley Park
North Patricktown, TN 72075",649-562-1650,Sulekha
Williams-Hernandez,Coaching Center,Mumbai,"496 Mary Mountains Apt. 408
New Kevinstad, TX 61387",586-617-8250x08980,Justdial
Palmer Inc,Restaurant,Lucknow,"94871 Michael Courts
Farrellfort, MT 87254",324-930-8894,Sulekha
"Lee, Vaughn and Howard",Salon,Pune,"80014 David Prairie Suite 157
East Joseph, WA 04014",001-673-409-9019x172,Sulekha
Powers-Fuller,Restaurant,Lucknow,"3259 Taylor Rapid
Natalieland, RI 58401",001-595-297-9268,Sulekha
"Hampton, Ramirez and Spencer",Salon,Noida,"309 Garcia Crossing Suite 313
Victorchester, SC 78771",6273985253,Justdial
"Smith, Black and Hogan",Salon,Lucknow,"Unit 0191 Box 2976
DPO AP 16902",561.967.4938x1234,Justdial
Atkinson-Kelly,Hospital,Delhi,"7821 Carson Wells
Johnton, MI 07911",+1-236-307-3163x652,Justdial
Williams-Gonzalez,Gym,Pune,"Unit 9154 Box 4515
DPO AP 77801",+1-940-866-4335x174,Sulekha
Lawson and Sons,Salon,Lucknow,"43037 Walter Squares
East Chelseahaven, MT 72271",266-273-8980x245,Justdial
Torres Group,School,Delhi,"919 Sara Path
Rachelstad, ME 09275",001-493-565-3959x1167,Sulekha
Dennis LLC,Coaching Center,Pune,"622 Walker Spring Suite 181
Port Bethport, VT 47766",(633)585-1348,Sulekha
Scott PLC,Salon,Pune,"126 Sanchez Via
Hendersonton, DC 32022",9564324991,Sulekha
Daniel-Hampton,Salon,Lucknow,"243 Sarah Fords
Iantown, NH 96413",752.373.8149x34009,Google Maps
Thomas-Lewis,Coaching Center,Mumbai,"64856 Vazquez Summit Apt. 374
Millerfurt, KY 42641",+1-908-769-2318x50117,Sulekha
Underwood-Harrington,Restaurant,Mumbai,"9140 Barker Viaduct Apt. 818
Connerstad, MP 66975",272.219.6331x5355,Google Maps
Berry-Brown,Gym,Delhi,"0241 Melissa Lake Apt. 073
Wilsonville, OK 34768",587-448-5998,Sulekha
Holland-Carrillo,Salon,Mumbai,"99902 Jennifer Groves Apt. 870
Robertmouth, AL 78154",+1-783-420-3831x853,Google Maps
"Adams, Gardner and Lewis",Hospital,Pune,"2841 Cynthia Shoal
East Monique, LA 27389",599-563-7722x359,Justdial
Owens Ltd,Restaurant,Noida,"04914 Barnett Mount Suite 360
Martinezbury, IL 24692",001-419-414-8918x185,Sulekha
"Gilbert, Olson and Cook",Hospital,Lucknow,"7816 Jeffrey Drives Apt. 877
South Ashley, MS 11715",603.666.1129,Google Maps
"Miller, Gates and Turner",Gym,Lucknow,"Unit 4891 Box 0339
DPO AA 61856",551.420.7757,Justdial
Schwartz Ltd,Coaching Center,Lucknow,"946 Copeland Walks Suite 065
Eduardoberg, CA 75351",(262)910-1981,Google Maps
"Garcia, Walsh and White",Restaurant,Noida,"34209 Kelly Island
Ashleeview, LA 20007",(979)538-8930x71026,Justdial
Carpenter-Arroyo,Hospital,Lucknow,"5268 Wallace Stravenue Apt. 843
New Laurastad, AS 42426",5267761416,Justdial
Miller PLC,Hospital,Mumbai,"0083 Thomas Fields
Ruthmouth, AR 53416",727.246.5797,Sulekha
Herrera and Sons,Salon,Noida,"70368 Jessica Summit
Michelebury, SC 14293",(841)937-0726x5304,Sulekha
Stanton PLC,Salon,Delhi,"1214 Robert Fall Suite 711
Jimenezchester, GU 47246",637.365.7400x9526,Justdial
"Bailey, Jones and Bowen",Hospital,Pune,"32644 Lester Flat Suite 308
Dorseytown, PW 58319",+1-447-346-9274x24593,Justdial
"Garrett, Brown and Harris",Coaching Center,Varanasi,"78656 Carmen Centers
Lake Nancy, NM 58087",644.857.3251x409,Google Maps
Shepard and Sons,Coaching Center,Pune,"127 Hannah Glens
Drakehaven, NC 57845",(610)375-9905x131,Sulekha
Stephens PLC,Salon,Varanasi,"PSC 5070, Box 4897
APO AA 58629",001-891-763-6062x6907,Sulekha
Mercer-Ellis,Hospital,Pune,"3921 Frederick Brooks Suite 110
Murphyfurt, MD 38597",476.213.9969,Sulekha
Wiley Inc,Coaching Center,Lucknow,"4375 Combs Ports Suite 701
North Erica, MS 83524",001-695-968-8214x50960,Google Maps
Butler-Greene,Restaurant,Mumbai,"24421 King Via Apt. 895
Goldenfort, KY 07650",787-747-5508x348,Sulekha
Williams Ltd,School,Varanasi,"783 Robinson Place
Wolfeport, AZ 91597",(763)275-8242,Google Maps
Lane Ltd,Coaching Center,Pune,"06227 Mark Hill
New Brianborough, RI 30079",(275)622-7140x617,Sulekha
Delacruz-Watson,Restaurant,Varanasi,"45927 Anthony Forks Suite 331
West Elizabethstad, KY 65805",934.780.4747,Google Maps
Jimenez-Green,Salon,Delhi,"423 Angelica Circles
Port Isabelfort, IL 28344",544-839-5847x37484,Sulekha
"Ruiz, Rush and Hernandez",School,Pune,"5819 Summers Mews Apt. 848
Shawhaven, ND 73711",+1-247-721-8138,Google Maps
Schultz Inc,Restaurant,Delhi,"380 Bender Points
Lake Tinafort, LA 43912",001-385-825-3877,Justdial
Goodman-Evans,School,Delhi,"158 Simpson Viaduct
Frankport, AK 51903",(694)328-4463x8584,Sulekha
"Henderson, Peterson and Peterson",School,Noida,"19102 Margaret Land Suite 725
West David, AK 40440",881.854.0161,Google Maps
"Harrison, Martin and Merritt",Coaching Center,Delhi,"75665 Nicole Island Apt. 476
South Lauren, KS 33470",(636)715-9227,Sulekha
Aguilar LLC,Salon,Lucknow,"22191 Allen Streets Apt. 355
North Dawnland, FM 81081",733-502-3396x01457,Sulekha
"Jackson, Jackson and Castillo",Salon,Noida,"467 Jesse Court Apt. 073
Ericatown, NE 10238",547.604.9850x87212,Justdial
"Cruz, Moore and Gonzalez",Hospital,Lucknow,"8734 Anna Lodge
Richardport, VT 69515",2386275772,Justdial
Howard-Williams,Gym,Delhi,"0786 Shannon Valleys
Blakeburgh, FM 82497",001-638-914-4047x49063,Justdial
White Inc,Hospital,Delhi,"434 Joyce Club Apt. 642
East Melissa, NE 40576",001-527-768-6052x37677,Justdial
Hancock-Reyes,Salon,Delhi,"USCGC Kim
FPO AE 84659",809.625.6593,Sulekha
Perez Inc,Gym,Mumbai,"PSC 2762, Box 1489
APO AE 76716",(697)801-1042,Sulekha
"Schaefer, Kelley and Davis",Salon,Pune,"2789 Sheri Corners
South Jose, PW 49597",291.635.3311x62505,Google Maps
"Suarez, West and Yu",School,Noida,"90701 Eric Hollow Apt. 876
West Kristen, MD 19004",(676)974-1140x5375,Google Maps
Wagner-Lopez,Coaching Center,Pune,"648 Donna Shoals
West Stacey, MD 11013",+1-604-554-4803x2054,Justdial
Gray-Walker,School,Varanasi,"61510 Peck Plaza Suite 258
Hillton, VI 10037",(270)618-2403,Sulekha
Ramirez Ltd,Gym,Pune,"38926 Jacob Pines
North Crystal, PW 96969",470.740.1505x43010,Google Maps
Berg Inc,Coaching Center,Mumbai,"2263 Obrien Via Suite 724
Schroederhaven, OR 19697",(874)934-5537x2017,Justdial
Wright Group,Gym,Mumbai,"PSC 5006, Box 7646
APO AA 21890",(937)810-8238x385,Google Maps
"Mathis, Mcdonald and Walls",Hospital,Delhi,"693 Blake Fort
Brianmouth, VA 02571",(582)875-4874x648,Justdial
"Anderson, Thomas and Lee",Salon,Lucknow,"490 Vincent Island Suite 255
Charlesland, KS 87746",+1-689-894-1100x6883,Justdial
Foley Group,School,Varanasi,"PSC 2651, Box 9800
APO AA 54183",(893)857-8708,Google Maps
Mcdaniel-Robinson,Gym,Pune,"552 Linda Square
Hendricksmouth, ME 86527",001-636-290-0097,Justdial
Miranda-Diaz,Hospital,Varanasi,"1249 Hernandez Locks
South Joshuaport, AR 38866",542-254-3915x84330,Sulekha
Green Group,Hospital,Mumbai,"7696 Lynch Oval Suite 646
Roachfurt, AZ 19555",459-764-9541,Sulekha
Frazier Inc,Coaching Center,Lucknow,"523 King Crest
South Brian, IN 10591",806-635-2989,Google Maps
Bell and Sons,Restaurant,Delhi,"863 Little Common Apt. 710
North Patrickbury, MS 83145",(746)982-7526,Google Maps
Liu-Davis,School,Lucknow,"004 Wong Squares
Thompsonfurt, TN 53447",319.206.5722,Google Maps
Brown-Ramirez,Restaurant,Noida,"4643 Elizabeth Flat Suite 304
Chenhaven, MO 71867",(761)725-0476x01238,Sulekha
Nielsen PLC,Coaching Center,Lucknow,"23419 Kelly Manors
North Sharon, WA 21134",001-588-374-1163x868,Google Maps
Holland-Deleon,School,Lucknow,"26752 Vaughan Rapids
Terrichester, IN 49572",555-913-1908x950,Justdial
Davis-Alvarez,Hospital,Noida,"361 Cook Flats
Laurastad, MP 83081",(479)407-4671x32789,Google Maps
"Dixon, Rice and Moore",Coaching Center,Noida,"949 Hines Ranch
Brockborough, AL 50088",880.921.8387,Sulekha
Guerrero-Johnson,Restaurant,Noida,"198 Laura Stravenue Apt. 210
Sarahport, PR 86226",(291)727-7038,Sulekha
"Phillips, Schmidt and Velasquez",Coaching Center,Varanasi,"5838 Michele Lights
South Annaland, VT 03985",+1-756-491-9188x2806,Google Maps
Gordon Ltd,Salon,Pune,"9261 Haynes Key
Michealberg, PR 96438",269.984.1995x585,Sulekha
Salas PLC,Gym,Lucknow,"192 Brandon Landing Apt. 042
Millerville, VT 19129",805.834.0872x00805,Sulekha
Hampton-Cannon,Gym,Delhi,"6358 Nicole Meadow Apt. 403
New Janiceview, AS 81126",461-611-4248x0370,Sulekha
"Lee, Welch and Miller",Hospital,Pune,"261 Jessica Isle Apt. 005
Leeview, NY 90140",615.204.1809x900,Google Maps
Ortega-Mcgee,Salon,Noida,"45021 Ryan Lodge Apt. 348
Jacobstad, IA 93935",984-276-9548,Justdial
Montgomery-Yang,Salon,Lucknow,"6556 Soto Drive Suite 547
North Ericville, OH 14166",4417652372,Google Maps
Green Group,Coaching Center,Noida,"205 Andrew Trail
Port Roy, PR 62226",218-421-2891,Justdial
Ochoa LLC,Hospital,Noida,"6908 Timothy Cliffs Suite 042
North Rodneyborough, MI 87791",225-402-2799x3679,Justdial
"Mitchell, Kelly and Strickland",Hospital,Pune,"99319 Greer Spring
Andreaview, AR 16405",001-519-672-7812,Justdial
Murray-Smith,Hospital,Mumbai,"3773 Brandon Fort Apt. 904
East Ashleyland, MI 46301",(924)974-1524x530,Sulekha
Ward LLC,Restaurant,Mumbai,"32585 Timothy River Suite 512
Port Richard, NJ 05776",(450)630-9683x821,Justdial
Palmer-Cuevas,Restaurant,Delhi,"0684 Ruben Overpass
West Karaborough, SC 29083",(938)349-7300x814,Google Maps
Wood Ltd,Salon,Varanasi,"782 Sarah Station Suite 412
Bernardton, VI 64960",702.374.4361x686,Justdial
Jenkins Inc,Coaching Center,Pune,"956 Franklin Manors Apt. 514
Trevortown, DE 55068",982-439-6016x5128,Justdial
Cummings-Clements,School,Varanasi,"2989 Boyd Courts
South Donald, TN 87383",001-792-814-7624x75215,Sulekha
"Richardson, Smith and Cox",Coaching Center,Lucknow,"009 Megan Course
Port Valerie, IN 36769",001-590-877-8145,Google Maps
Garcia Inc,Salon,Delhi,"61861 Nancy Lake
Brendafort, KY 91733",844.341.5712,Sulekha
"Elliott, Smith and Walker",Restaurant,Mumbai,"01849 Krystal Burgs Suite 220
New Dannyside, CO 82656",+1-696-656-8431x81754,Google Maps
Mendoza Inc,Gym,Noida,"9782 Smith Stravenue
North Ryanmouth, MN 13242",597-223-7254x307,Sulekha
Taylor Inc,School,Pune,"612 Johnson Summit Apt. 715
North Tonya, KS 71950",308-474-9509,Google Maps
"Stewart, Galvan and Mann",Hospital,Delhi,"05680 Wood Flats Suite 230
North David, MD 86179",900-506-4837x1194,Justdial
Moore-Garcia,School,Noida,"51050 Shannon Knolls
East Deborah, CT 74299",549-308-4953,Google Maps
"Ashley, Thompson and Finley",Restaurant,Varanasi,"388 Nicole Falls Suite 096
Amberland, NJ 64308",6117307531,Justdial
Martinez-Jackson,School,Lucknow,"06794 Davis Points Apt. 654
Woodberg, PR 88396",465.619.4699x49613,Google Maps
"Lee, Tyler and Spence",Gym,Pune,"19970 Rita Throughway Suite 941
Lake Haleyberg, NC 06411",+1-740-315-9983x048,Justdial
Hicks-Skinner,Hospital,Noida,"16647 Walker Locks Apt. 085
Eddiemouth, NM 92031",594-591-4430x25235,Justdial
Rowland and Sons,Gym,Lucknow,"6082 Ward Roads Apt. 629
East Christine, FL 05543",237-232-6564,Google Maps
"Grant, Miller and Perry",Gym,Pune,"04230 Boyd Streets
Lake Brittney, MO 84599",935.522.8306,Justdial
"Vang, Hernandez and Gordon",Coaching Center,Varanasi,"88368 Cannon Roads
New Daniel, WA 67450",(381)663-6971x0052,Justdial
Smith Group,School,Mumbai,"182 Candice Centers Apt. 471
East Laura, WI 38964",001-297-617-6928x036,Sulekha
Davis-Preston,School,Pune,"19651 Knox Orchard Suite 537
Carriebury, DE 75050",(917)497-4131x918,Sulekha
Johnson-Carlson,Salon,Mumbai,"5234 Melissa Meadow Apt. 559
Lake Christopher, VI 47764",(319)290-1344x3461,Sulekha
Yates-Carr,Coaching Center,Pune,"0489 John Ridges
New Shawna, NH 28288",001-299-990-6785,Justdial
Chandler Ltd,Gym,Varanasi,"25968 Paul Hill
South Jessicamouth, TN 01251",(279)717-0314x494,Justdial
Reed-Bridges,Gym,Delhi,"5525 Amber Locks Suite 994
North Nancy, VI 98798",849.447.5811,Justdial
Castillo-Estrada,School,Pune,"565 Morales Ramp Suite 090
Kevintown, TX 35876",001-979-786-5398x293,Sulekha
"Parker, Bailey and Roberts",Salon,Pune,"680 Fleming Meadows Apt. 354
Brucehaven, DE 40985",221.299.9183x49796,Justdial
Cobb and Sons,School,Lucknow,"410 Robert Divide Apt. 313
Lowefort, NC 48616",+1-561-826-8069x360,Sulekha
Gates Ltd,Salon,Mumbai,"512 Brandon Oval
New Gabriel, DC 94712",(718)862-9945x762,Google Maps
Waller and Sons,Salon,Mumbai,"08641 Le Tunnel
Morrisonhaven, VI 41934",702-271-5051,Sulekha
Willis Group,Restaurant,Noida,"457 Evans Camp Apt. 876
New Maria, VI 99276",376.280.6526x28712,Justdial
"Davis, Atkinson and Bender",School,Delhi,"932 Shelton Meadows Suite 785
Ramirezmouth, WV 93119",458.497.3451x2313,Google Maps
Davis-Green,Hospital,Mumbai,"296 Kelly Circle
Vasquezview, MI 37456",658-335-0014x2092,Justdial
"Harris, Burns and Johnson",Hospital,Delhi,"5930 Bell Isle
East Latoya, IL 29574",297.914.5800x420,Sulekha
"Lowery, Luna and Robinson",Hospital,Pune,"86065 Timothy Way
Bradfordtown, NM 23265",813.931.0329x9887,Google Maps
Flores Inc,School,Delhi,"114 Austin Estate
New Kelly, IN 23543",450.247.3158x2613,Sulekha
Kennedy LLC,Gym,Lucknow,"PSC 0785, Box 7589
APO AA 69598",270.534.5821x1535,Sulekha
Allen-Compton,School,Noida,"612 Gonzalez Curve Apt. 081
Johnfurt, OH 58064",(687)367-5302x6273,Sulekha
Gutierrez and Sons,School,Delhi,"14815 Michael Mews Suite 729
Rodrigueztown, PR 67761",860-644-5403,Sulekha
"Thomas, Roberts and Coleman",School,Varanasi,"PSC 6872, Box 2876
APO AP 59695",725-586-4250x75735,Sulekha
Watson-Hester,Restaurant,Mumbai,"42008 Beth Crossing
North Daniel, NM 23092",539-627-9517x36807,Justdial
Miller-Garner,Hospital,Noida,"299 Darryl Walk Suite 966
Barrymouth, WY 67045",+1-462-778-0091,Sulekha
Johnston-Johnson,School,Delhi,"366 Shaffer Spurs Suite 921
Melissachester, GU 20876",8198981492,Google Maps
Brady-Silva,School,Delhi,"PSC 4514, Box 1155
APO AE 22056",(418)927-7513x373,Google Maps
"Williams, Benson and Lara",Hospital,Varanasi,"392 Julie Squares Suite 220
Daytown, SD 98488",+1-450-601-8128,Google Maps
"Powell, Smith and Padilla",Gym,Mumbai,"9693 Gray Center Suite 971
Crawfordside, NM 13735",675.357.4455,Google Maps
Donaldson LLC,Restaurant,Mumbai,"176 Tracy Plains
North Ryantown, SC 06531",(891)891-2927x409,Sulekha
Nelson PLC,Restaurant,Delhi,"72827 Christopher Roads
Cynthiashire, NY 80695",(407)753-2757,Justdial
"Leon, Blackwell and Downs",Coaching Center,Varanasi,"Unit 5378 Box 3800
DPO AA 14641",393-897-2971x0121,Google Maps
Davis and Sons,School,Delhi,"26565 Roy Hill
New Sandra, VT 32030",828.784.0068x37662,Google Maps
"Larson, Wolf and Peterson",Gym,Noida,"USS Edwards
FPO AP 96532",354.836.8750x29714,Google Maps
Garcia Group,Gym,Delhi,"PSC 3536, Box 5499
APO AE 78594",001-838-288-0158x5449,Google Maps
"Young, Lawson and Fitzgerald",Hospital,Delhi,"78258 Snyder Forge Suite 076
Johnstonside, KS 86434",656.827.0650x13294,Sulekha
Baker Inc,Gym,Pune,"052 Anderson Place Apt. 077
Bishopborough, DE 11281",991.849.6827,Sulekha
Wagner-Morris,Hospital,Delhi,"534 Daniel Corner Apt. 038
Haileyport, ND 97113",(706)432-6648x991,Sulekha
"Diaz, Watson and Jackson",Restaurant,Varanasi,"19082 Zimmerman Summit
Jacksonfort, DC 34700",438-527-7409,Google Maps
Brown-Moore,Coaching Center,Mumbai,"PSC 7339, Box 3174
APO AP 29013",+1-450-778-6036,Justdial
Key-Smith,Hospital,Pune,"952 Kathy Burgs Apt. 919
Gregoryside, OR 72537",001-422-747-8919x0450,Google Maps
"Foster, Medina and Cline",Gym,Delhi,"25309 Jonathon Ramp Apt. 682
Michaelamouth, DE 06545",277.227.1978x5894,Justdial
"Wolf, Craig and Owens",Hospital,Noida,"9549 Williams Avenue Apt. 601
East Amy, MT 11743",+1-861-202-5381,Google Maps
"Jackson, Hoover and May",Coaching Center,Varanasi,"091 King Heights
Lake Julia, DC 86709",289-823-9513x61834,Sulekha
Robinson-Werner,Salon,Mumbai,"60313 Lopez Dam
Burnstown, AK 89955",300-851-7818x6167,Justdial
"Fields, Edwards and Sullivan",Gym,Lucknow,"Unit 7921 Box 4188
DPO AP 44155",773.758.6477x406,Google Maps
Curry-Barrett,Gym,Delhi,"53343 Lee Lodge Apt. 639
South Tyler, NH 67063",487.878.4113,Google Maps
Lewis LLC,Restaurant,Delhi,"6839 Delgado Grove Apt. 269
Vickifurt, AK 48017",680.784.5544,Google Maps
Powers and Sons,Salon,Varanasi,"USCGC Reyes
FPO AA 35608",001-231-894-5570x515,Justdial
Williams-Hernandez,Restaurant,Mumbai,"9101 Carter Plains Apt. 104
Stephensonside, NH 83544",796.730.5393x40234,Justdial
"Perkins, Cooper and Faulkner",Salon,Delhi,"231 Douglas Plain
West Jaredburgh, OH 41104",282.408.4656,Sulekha
"Wolf, Campbell and Griffith",Gym,Varanasi,"452 Li Village
Michaelchester, ME 99557",(450)483-7777x919,Justdial
Hanson Inc,Salon,Noida,"PSC 5270, Box 8083
APO AE 15332",+1-899-345-7827x71043,Sulekha
Bailey-Wilson,Coaching Center,Noida,"95385 Hall Mountain Apt. 183
West Hannah, FM 60237",001-424-407-4781x4213,Sulekha
Moss and Sons,Restaurant,Delhi,"56824 Laura Mount Suite 872
West Darleneview, VA 98009",615-795-9058x88344,Justdial
"Frye, Ryan and Sherman",Gym,Delhi,"4755 Brown Overpass
Anthonymouth, ID 09581",+1-304-839-8558,Justdial
Thompson-Lester,Salon,Varanasi,"USNV Zimmerman
FPO AP 96525",745.272.4037x168,Google Maps
Costa and Sons,School,Mumbai,"350 Alexander Greens
Danielhaven, CO 12921",(843)843-8443,Justdial
Hampton-Carpenter,Coaching Center,Pune,"33767 Elizabeth Haven Suite 773
Port Holly, SC 49485",001-495-475-5085x5571,Sulekha
"Lee, Olsen and Terrell",Salon,Delhi,"88491 Nicole Ford Apt. 828
Jaredbury, PA 95482",244.503.2886,Sulekha
Anderson PLC,Hospital,Mumbai,"241 Jacqueline Plains
Jennifermouth, SD 09841",(983)258-5933x645,Sulekha
Mcpherson LLC,Hospital,Varanasi,"55284 Torres Passage Suite 421
Alexton, AK 31502",955-302-3867,Justdial
"Taylor, Jennings and Marks",Hospital,Noida,"PSC 8728, Box 4161
APO AA 28771",463-665-3520x89657,Justdial
Pena Inc,Coaching Center,Varanasi,"1166 Anderson Village
Dawnview, DC 75435",+1-596-335-4088x72879,Sulekha
"Hernandez, Frazier and Stone",School,Delhi,"37691 Valdez Overpass
West Kaitlyn, SD 91652",(936)924-2759,Google Maps
Allen-Williams,Hospital,Delhi,"227 David Parkway Apt. 911
Lake Randy, TN 79206",724.528.0872x54327,Justdial
Gibson and Sons,Salon,Lucknow,"12036 Vanessa Coves Suite 028
North Andreaview, VI 00809",+1-814-570-7424x725,Justdial
Rosales Ltd,Gym,Pune,"27983 Kimberly Lakes Apt. 929
Randolphhaven, ND 05619",675.303.7697,Justdial
"Crawford, Robinson and Crawford",Salon,Lucknow,"54715 Brown Crossing Suite 538
Lake Karenville, PW 62985",(549)312-3674x3746,Google Maps
Campbell Group,Gym,Mumbai,"35756 Snyder Lakes Apt. 668
Lake Alisha, VT 60329",001-264-432-7402,Google Maps
Hamilton-Palmer,Coaching Center,Pune,"222 Daniel Locks Apt. 786
Deckerstad, UT 85701",(641)740-3739x43979,Google Maps
Knight-Alvarado,Salon,Pune,"7259 Joseph Hollow Apt. 447
Wilkinsonshire, ME 03391",(958)560-1509x3206,Sulekha
"King, Green and Wells",Gym,Mumbai,"929 Ryan Passage Apt. 526
North Jefferyville, HI 82346",+1-646-892-3352x784,Sulekha
Good-Schmidt,Salon,Lucknow,"095 Christopher Ramp
Hobbshaven, ID 90061",934.487.3061x25939,Google Maps
"Hernandez, Hall and Williams",Coaching Center,Lucknow,"4497 Corey Mews
Port Jonathanburgh, NY 43161",367-626-2857,Justdial
"Jones, Lam and Brown",School,Varanasi,"099 Moyer Land Suite 364
Port Johnland, IN 71555",807.791.9844,Google Maps
Smith Inc,Hospital,Varanasi,"64731 Pope Crossroad
South Cody, NM 65779",001-459-427-9641x5228,Sulekha
Stone and Sons,Coaching Center,Varanasi,"45439 Zachary Trail
New Anthonyland, OK 33874",001-439-506-9841x26311,Google Maps
"Oconnor, Jacobs and Atkinson",School,Delhi,"Unit 6324 Box 3074
DPO AE 47072",(932)815-9921,Google Maps
Ward-Webster,School,Pune,"882 Paul Roads Suite 979
Hartfort, NH 29929",872-781-7187x134,Sulekha
Wilson LLC,School,Lucknow,"58182 Robert Club
East Teresashire, VA 31537",(830)762-7995,Sulekha
Davenport-Hopkins,Gym,Pune,"06700 Russell Neck
Jacobchester, WV 81823",9276332989,Google Maps
Reyes-Byrd,Gym,Pune,"0879 Stacy Road
New Rodneyfurt, MN 47471",586-207-2485,Google Maps
Robinson-White,Restaurant,Delhi,"USNS Martinez
FPO AE 77714",848-858-5868,Justdial
Ward LLC,Coaching Center,Lucknow,"184 Finley Ferry Apt. 432
Branditon, TX 37249",(417)603-7768,Sulekha
"Welch, Johnson and Thompson",Coaching Center,Pune,"PSC 4352, Box 3006
APO AA 96868",(743)604-1154x976,Justdial
Morgan Inc,Salon,Varanasi,"546 Carter Station
Alishafurt, MH 62196",(495)373-6671x15591,Google Maps
"Meyer, Sheppard and Hill",School,Lucknow,"901 James Shores
New Dylan, MD 59165",883.612.9209x39950,Google Maps
Wilson-Harrington,Hospital,Delhi,"8324 Walker Ways
Oliverbury, CA 40267",001-989-464-2794x25000,Google Maps
"Turner, Bates and Williams",School,Varanasi,"15315 Felicia Hill
Tanyashire, KS 94651",001-478-572-8879x89457,Sulekha
Graham-Barnes,Gym,Varanasi,"142 Washington Track Apt. 375
North Kristina, AZ 02062",833-314-3518,Sulekha
Patterson and Sons,Salon,Varanasi,"842 Tammy Forks
Jessemouth, CT 03312",957-201-2027,Justdial
"Landry, Richards and Hughes",Gym,Mumbai,"PSC 7561, Box 2606
APO AA 37746",924.320.6835x27015,Justdial
Vasquez-Jones,School,Varanasi,"862 Richard Route
Laurafurt, ID 32117",+1-247-517-3909x20963,Justdial
Rivera-Patton,Salon,Pune,"7920 Elizabeth Inlet Apt. 744
Burtonton, MO 49084",237.908.8410x6487,Justdial
Collins-Garza,Coaching Center,Mumbai,"2782 Smith Isle Apt. 368
Donaldborough, AL 08109",388-403-4842,Google Maps
Foster-Kerr,Hospital,Pune,"Unit 0900 Box 6390
DPO AE 86005",(994)997-4403,Justdial
"Ross, Smith and Newman",Restaurant,Lucknow,"5202 White River Apt. 215
Elizabethside, IN 89945",6404862860,Sulekha
"Fuller, Shepherd and Spencer",Hospital,Delhi,"4577 Bryant Way
West Stevenbury, FM 11841",991-515-5086,Justdial
Cook-Bates,Salon,Mumbai,"636 Justin Ridge
Ericamouth, PW 69645",720.362.3982x5168,Sulekha
Estrada Group,Gym,Mumbai,"209 Robin Mall Apt. 348
Millerbury, ND 13586",(458)883-0447,Google Maps
Kelley Group,School,Pune,"50932 Michelle Pine Apt. 886
East Frankmouth, TX 84604",+1-551-693-5437x4639,Justdial
"Bennett, Barr and Salas",Coaching Center,Delhi,"03275 John Inlet Apt. 086
Port Davidbury, PA 82553",001-310-847-4273x5582,Google Maps
"Petersen, Nguyen and Smith",Coaching Center,Varanasi,"849 James Station
Jonesbury, NM 86350",+1-515-615-3815x809,Sulekha
Miller-Rosales,School,Varanasi,"45276 Estes Divide
Warrenchester, MI 05453",988.556.6990,Google Maps
Jones PLC,Coaching Center,Pune,"00629 Rogers Track
New Ericafurt, RI 23418",001-288-983-8878x01482,Justdial
Nelson-Carroll,Restaurant,Mumbai,"815 Nguyen Loaf Apt. 319
Katherineville, OH 82433",(361)755-9142,Google Maps
Richmond-Roberts,Salon,Varanasi,"97194 Alexander Ways Suite 280
South William, NE 64066",3914354186,Google Maps
"Keller, Haas and Jones",Coaching Center,Varanasi,"0504 Christine Shoal Suite 571
West Bradleymouth, NM 92124",875-412-2555,Sulekha
Petersen Ltd,School,Noida,"691 Torres Plains Apt. 551
Port Robynmouth, NM 55249",(379)864-6574x38479,Sulekha
Jones and Sons,Hospital,Lucknow,"7687 April Neck Apt. 066
Smithside, KS 08321",001-638-862-1833x696,Sulekha
Savage Inc,Restaurant,Mumbai,"90266 James Point Apt. 386
Lake Cheyenneberg, PW 76894",554.689.8894,Justdial
Moyer LLC,Restaurant,Varanasi,"2179 Caitlin Street
Port Thomasside, NM 36637",(966)477-9828x815,Justdial
"Robinson, Shaw and Smith",Gym,Lucknow,"031 Patterson Forge Suite 731
Elizabethmouth, NH 64600",411.340.2569x895,Google Maps
"Ward, Mclaughlin and Martinez",Restaurant,Lucknow,"92245 Wilson Stream Suite 561
Shaunmouth, HI 03839",+1-669-550-8675,Justdial
Taylor-Bautista,Gym,Lucknow,"603 Jean Brooks Apt. 995
Staceymouth, NV 46596",555-246-2930x67508,Google Maps
"Stevens, Shaw and Nelson",Restaurant,Lucknow,"4895 Walker Tunnel Apt. 478
East Tristanfort, PR 70278",378.217.1566x891,Sulekha
Coleman-Jenkins,School,Pune,"453 Lucas Summit Apt. 368
Jamesland, PR 76372",(935)743-2049x296,Google Maps
Nelson Inc,School,Varanasi,"06426 White Oval Suite 551
Johnhaven, IL 18889",496.402.7125x10065,Sulekha
"Cannon, Gordon and Jones",Gym,Pune,"Unit 1722 Box 2994
DPO AE 41352",(397)403-3163,Google Maps
Murphy-Leonard,Hospital,Lucknow,"650 Roberts Road Apt. 287
Port Crystal, NE 16126",8537105457,Sulekha
Nguyen-Hubbard,Salon,Noida,"123 Christopher Mountains
Sarahfurt, NH 08966",212-959-2603x466,Justdial
Adams and Sons,Salon,Delhi,"77894 Hart Oval Suite 129
Beckyville, PA 68443",(645)718-5545x1319,Justdial
"Cox, George and Morse",School,Mumbai,"6357 Jaclyn Terrace
Brandonport, NC 30289",001-936-381-7391x8791,Google Maps
Brown-Quinn,Restaurant,Varanasi,"8552 Thompson Views
Rebeccachester, NM 81436",001-855-352-9634x6440,Justdial
Riggs Inc,Gym,Varanasi,"32820 Cody Shoal
South Markview, UT 31586",001-545-387-8587x0910,Google Maps
White-Gibson,Gym,Pune,"715 Pamela Extension
South Lisafurt, NE 65417",961.399.2213,Google Maps
"Jordan, Alvarez and Willis",Coaching Center,Noida,"3720 Susan Circles Apt. 012
Alexisbury, HI 56105",321-892-9374x840,Sulekha
"Romero, Sanchez and Horton",Coaching Center,Varanasi,"96369 Beth Crescent
North Kentton, RI 46092",7614487769,Google Maps
"Arias, Jones and Alexander",Gym,Lucknow,"2560 Freeman Mountain Suite 577
Jasonshire, SC 46810",3087670345,Sulekha
Rhodes LLC,School,Noida,"2653 Steven Branch Suite 870
Heiditown, GA 44228",3163305029,Justdial
Davis-Miller,Gym,Delhi,"809 Mcintyre Cove
North Tonyaburgh, NY 08254",+1-451-238-1992x165,Justdial
Kennedy-Davis,Coaching Center,Delhi,"159 Jimmy Locks Apt. 628
Rogersville, RI 52244",284-959-0455,Google Maps
Wright and Sons,Salon,Pune,"4508 David Stream Suite 760
Lake Evelynstad, CA 60556",001-539-758-0325x547,Google Maps
Wright PLC,School,Delhi,"7075 Lori Court
Shannonport, NC 27776",001-511-733-5812x760,Sulekha
Parker-Francis,Coaching Center,Delhi,"PSC 3178, Box 4234
APO AP 01622",(279)430-9215x01106,Justdial
Johnson-Turner,School,Mumbai,"892 Lisa Ranch Apt. 673
Lake Amber, AZ 61637",321.630.8931x230,Sulekha
"Guerra, Barnes and Sloan",Salon,Mumbai,"99566 Townsend Trafficway
West Marcoport, VT 22771",577.442.3260,Sulekha
"Sharp, Brown and Stevens",Hospital,Delhi,"961 Warren Stream
Nelsonburgh, AS 99283",+1-714-733-8483x69253,Sulekha
"Jenkins, White and Deleon",School,Delhi,"17094 Jasmine Corner
Josephfort, MO 94371",958.605.2171x0074,Justdial
"Mccall, Brown and Floyd",Restaurant,Delhi,"640 Howard Falls Suite 245
West Stevenberg, DC 98943",001-692-731-2897x7876,Sulekha
Davis-Porter,Hospital,Delhi,"7905 Bradley Walk Suite 923
New Mariah, NH 34189",808.604.3580x368,Google Maps
"Thomas, Mitchell and Powell",Coaching Center,Lucknow,"2698 Park Ferry Apt. 024
North Danamouth, PA 35398",693.957.3432x58061,Justdial
"Williams, Martin and Gibson",School,Mumbai,"7643 Jones Center
Murrayburgh, TX 24005",281.672.5163x50236,Sulekha
Burke-Hill,Coaching Center,Lucknow,"682 Jessica Drive Suite 419
Lake Valerie, TX 42771",3298420463,Google Maps
Callahan-Lucero,Gym,Noida,"319 Michael Gateway
New Cynthiaview, PR 00719",+1-214-877-4375x589,Google Maps
Blake LLC,Gym,Mumbai,"896 Alexander Light
Copelandton, MN 61644",001-446-821-8868,Sulekha
Wright-Palmer,Hospital,Noida,"570 William Meadow
North Peterchester, ME 65987",(519)644-0765,Sulekha
Carroll Group,Coaching Center,Pune,"9947 Katie Parkway
West Allison, ID 94950",988-497-8533x400,Sulekha
Owens-Burton,Salon,Delhi,"9565 Kristina Courts Apt. 925
West Ronaldton, MO 04161",001-803-954-3455x103,Justdial
Lopez LLC,Salon,Varanasi,"89106 Wendy Station Suite 710
North Ethan, AL 48196",+1-257-969-2557x93235,Justdial
"Murphy, Meyers and Crawford",Restaurant,Delhi,"06860 Hart Groves Apt. 154
South Kerryview, CO 02302",001-795-919-2170x314,Sulekha
Francis Ltd,Hospital,Delhi,"Unit 7651 Box 5585
DPO AA 78111",553-498-7259x489,Google Maps
Gallagher Ltd,Coaching Center,Lucknow,"04203 Joel Summit
Mcbridebury, MT 75595",(212)361-8462x810,Google Maps
"Ramirez, Johnson and Anderson",Hospital,Noida,"517 Guzman Park Suite 045
Alvarezshire, FM 76284",+1-713-524-7960x44503,Justdial
"Caldwell, Bartlett and Brown",School,Delhi,"7883 Kaufman Shore Apt. 009
Dennisshire, PA 49172",2294093349,Sulekha
Davis-Riley,Hospital,Lucknow,"313 Murray Key
Danielhaven, PA 65125",(286)504-5324,Google Maps
Kim-Ross,Salon,Pune,"USNS Jones
FPO AP 29083",895-434-6246,Google Maps
Green Group,Gym,Mumbai,"PSC 9462, Box 7937
APO AA 79877",529.553.6267x608,Google Maps
Nunez-Shaw,Gym,Varanasi,"071 Kristen Square Suite 950
Lake Jesse, CO 49418",001-341-671-9701x58341,Google Maps
Kennedy-Harris,Salon,Varanasi,"13551 Becker Manors Suite 382
South Lawrence, GA 49107",+1-828-280-9855x06513,Sulekha
"Holloway, Cortez and Richardson",Coaching Center,Varanasi,"4616 French Isle
Robinsonfort, VA 09435",+1-898-760-2323x098,Google Maps
Salazar-Clark,Hospital,Lucknow,"42070 Green River Apt. 381
Heatherberg, MD 24400",678-615-9067x7436,Google Maps
Stevenson Inc,Restaurant,Pune,"256 Harry Lane
North Brandonview, VT 20468",457.326.1361,Justdial
Keith-Henry,Gym,Delhi,"Unit 5950 Box 2848
DPO AE 83326",556.690.4519x041,Justdial
Ruiz-Lozano,School,Varanasi,"926 David Mills Apt. 016
Lake Lisafort, OR 55021",782-959-2948,Sulekha
"Johnson, Mosley and Mathis",Hospital,Mumbai,"894 David Prairie
Brooksbury, PR 61852",(948)677-3111x6036,Sulekha
"Stanley, Lambert and Johnson",School,Pune,"8206 Tammy Stravenue
Port Benjamin, DE 21590",776-711-3627x14658,Sulekha
Smith Group,Hospital,Pune,"PSC 8622, Box 5316
APO AE 30070",+1-837-681-7094x12108,Google Maps
"Sullivan, Arroyo and Koch",Coaching Center,Lucknow,"085 Holly Run Suite 926
Hallport, NM 05357",(542)558-9069,Justdial
"Miller, Williamson and Hebert",Coaching Center,Pune,"043 Burns Trail
Burtonhaven, SC 66010",(545)590-6279x6294,Justdial
Mccoy-Garcia,Hospital,Pune,"315 Kelley Passage Suite 368
New Jesusberg, OR 46860",711.819.6237x388,Sulekha
Cameron-Mccoy,Hospital,Varanasi,"60621 Mark Rest Suite 744
Myersfort, AL 44190",630.633.3787x329,Sulekha
Boyle-Li,School,Delhi,"031 Timothy Lights Apt. 583
East Jamesstad, IN 69729",397-977-7649,Sulekha
Gutierrez-Brown,Gym,Lucknow,"919 Eric Expressway
East Tarafort, MP 10242",910.987.9146x873,Justdial
